{"cameraMode":{"drawMode":0,"name":"Shaded","section":"Shading Mode"},"sceneLighting":true,"audioPlay":false,"sceneViewState":{"showFog":true,"showMaterialUpdate":true,"showSkybox":true,"showFlares":true,"showImageEffects":true,"showParticleSystems":true},"in2DMode":false,"pivot":{"x":0.4722909927368164,"y":42.14171600341797,"z":-72.00148010253906},"rotation":{"x":-0.26557183265686037,"y":0.00925255473703146,"z":-0.00254879891872406,"w":-0.9640439748764038},"size":22.0,"orthographic":false}